category,n_rows,share_pct
hotspot,194869,10.000056448496649
non_hotspot,1753810,89.99994355150335
missing,0,0.0
