category,n_rows,share_pct
hotspot,473560,10.000082355606866
non_hotspot,4262001,89.99991764439314
missing,0,0.0
