category,n_rows,share_pct
hotspot,294619,10.00009503890146
non_hotspot,2651543,89.99990496109854
missing,0,0.0
