{
  "model_name": "logistic_saga",
  "outer_fold": 3,
  "train_city_count": 24,
  "test_city_count": 6,
  "train_row_count": 120000,
  "test_row_count": 30000,
  "test_positive_count": 3000,
  "test_prevalence": 0.1,
  "pr_auc": 0.12788885074365414,
  "recall_at_top_10pct": 0.15066666666666667,
  "inner_cv_splits": 4,
  "best_inner_cv_average_precision": 0.15148659619050373,
  "param_candidate_count": 20,
  "estimated_inner_fit_count": 80,
  "data_load_seconds": 0.026351000007707626,
  "preprocess_build_seconds": 5.8699981309473515e-05,
  "preprocess_probe_fit_transform_seconds": 0.23662480001803488,
  "grid_search_seconds": 362.3716585999937,
  "fold_wall_clock_seconds": 362.7408474999829
}