outer_fold,intercept
0,-1.8800399752310069
1,-2.1473576105411776
2,-0.03839932193506992
3,-0.029929816037610295
4,-0.09356384855987415
