model_name,scope_name,scope_value,bin_index,predicted_probability_mean,observed_positive_rate
logistic_saga,outer_fold,0,0,0.03519704157807473,0.028666666666666667
logistic_saga,outer_fold,0,1,0.05452915049869798,0.035
logistic_saga,outer_fold,0,2,0.06469570089320013,0.06766666666666667
logistic_saga,outer_fold,0,3,0.07366040349001392,0.076
logistic_saga,outer_fold,0,4,0.0830622617064722,0.07366666666666667
logistic_saga,outer_fold,0,5,0.09358559372902919,0.089
logistic_saga,outer_fold,0,6,0.10593510209341717,0.09233333333333334
logistic_saga,outer_fold,0,7,0.11822448860540667,0.16133333333333333
logistic_saga,outer_fold,0,8,0.1355606651161833,0.13933333333333334
logistic_saga,outer_fold,0,9,0.18482033139593704,0.212
logistic_saga,overall,overall,0,0.03519704157807471,0.028666666666666667
logistic_saga,overall,overall,1,0.054529150498698026,0.035
logistic_saga,overall,overall,2,0.06469570089320009,0.06766666666666667
logistic_saga,overall,overall,3,0.07366040349001388,0.076
logistic_saga,overall,overall,4,0.0830622617064722,0.07366666666666667
logistic_saga,overall,overall,5,0.09358559372902928,0.089
logistic_saga,overall,overall,6,0.10593510209341721,0.09233333333333334
logistic_saga,overall,overall,7,0.11822448860540681,0.16133333333333333
logistic_saga,overall,overall,8,0.135560665116183,0.13933333333333334
logistic_saga,overall,overall,9,0.18482033139593684,0.212
