{
  "model_name": "logistic_saga",
  "outer_fold": 1,
  "train_city_count": 24,
  "test_city_count": 6,
  "train_row_count": 240000,
  "test_row_count": 60000,
  "test_positive_count": 6000,
  "test_prevalence": 0.1,
  "pr_auc": 0.20056954788901799,
  "recall_at_top_10pct": 0.26266666666666666,
  "inner_cv_splits": 4,
  "best_inner_cv_average_precision": 0.15216939629819576,
  "param_candidate_count": 20,
  "estimated_inner_fit_count": 80,
  "data_load_seconds": 0.03891999999177642,
  "preprocess_build_seconds": 6.029999349266291e-05,
  "preprocess_probe_fit_transform_seconds": 0.5112355999881402,
  "grid_search_seconds": 1033.5889347000048,
  "fold_wall_clock_seconds": 1034.2327173999947
}