category,n_rows,share_pct
hotspot,283189,10.000052968439638
non_hotspot,2548686,89.99994703156035
missing,0,0.0
