model_name,scope_name,scope_value,bin_index,predicted_probability_mean,observed_positive_rate
logistic_saga,outer_fold,2,0,0.03023796077350114,0.03216666666666667
logistic_saga,outer_fold,2,1,0.05259821931041615,0.06333333333333334
logistic_saga,outer_fold,2,2,0.0701418820163061,0.06983333333333333
logistic_saga,outer_fold,2,3,0.07966944905368051,0.06766666666666667
logistic_saga,outer_fold,2,4,0.08906320190846931,0.08
logistic_saga,outer_fold,2,5,0.09966471726590002,0.10316666666666667
logistic_saga,outer_fold,2,6,0.112622912775609,0.12233333333333334
logistic_saga,outer_fold,2,7,0.1294848142532652,0.12766666666666668
logistic_saga,outer_fold,2,8,0.15433359332331983,0.1385
logistic_saga,outer_fold,2,9,0.21655081113703573,0.19533333333333333
