{
  "model_name": "logistic_saga",
  "outer_fold": 2,
  "train_city_count": 24,
  "test_city_count": 6,
  "train_row_count": 240000,
  "test_row_count": 60000,
  "test_positive_count": 6000,
  "test_prevalence": 0.1,
  "pr_auc": 0.15541931509519613,
  "recall_at_top_10pct": 0.19533333333333333,
  "inner_cv_splits": 4,
  "best_inner_cv_average_precision": 0.15235998528508893,
  "param_candidate_count": 20,
  "estimated_inner_fit_count": 80,
  "data_load_seconds": 0.03514249999716412,
  "preprocess_build_seconds": 4.25000034738332e-05,
  "preprocess_probe_fit_transform_seconds": 0.36625720000301953,
  "grid_search_seconds": 1152.6066965000064,
  "fold_wall_clock_seconds": 1153.0938025000069
}