category,n_rows,share_pct
hotspot,86356,10.00003474003453
non_hotspot,777201,89.99996525996546
missing,0,0.0
