{
  "model_name": "logistic_saga",
  "outer_fold": 1,
  "train_city_count": 24,
  "test_city_count": 6,
  "train_row_count": 120000,
  "test_row_count": 30000,
  "test_positive_count": 3000,
  "test_prevalence": 0.1,
  "pr_auc": 0.20056530147695958,
  "recall_at_top_10pct": 0.25633333333333336,
  "inner_cv_splits": 4,
  "best_inner_cv_average_precision": 0.152058633424418,
  "param_candidate_count": 20,
  "estimated_inner_fit_count": 80,
  "data_load_seconds": 0.022623600001679733,
  "preprocess_build_seconds": 4.939999780617654e-05,
  "preprocess_probe_fit_transform_seconds": 0.2716177999973297,
  "grid_search_seconds": 437.51867299999867,
  "fold_wall_clock_seconds": 437.90573199999926
}