category,n_rows,share_pct
hotspot,505468,10.000037589068782
non_hotspot,4549193,89.99996241093122
missing,0,0.0
