quadrant,n_cells,hotspot_n,hotspot_share_pct
north_east,92514,5109,5.522407419417601
north_west,98968,16837,17.012569719505294
south_east,98968,11398,11.51685393258427
south_west,92514,4953,5.353784292107141
