category,n_rows,share_pct
hotspot,38297,10.000156672689862
non_hotspot,344667,89.99984332731013
missing,0,0.0
