quadrant,n_cells,hotspot_n,hotspot_share_pct
north_east,146185,30143,20.619762629544756
north_west,203846,27778,13.626953680719758
south_east,203846,4246,2.082944968260353
south_west,146186,7841,5.363714719603792
