category,n_rows,share_pct
hotspot,70008,10.00024283528768
non_hotspot,630055,89.99975716471232
missing,0,0.0
