model_name,outer_fold,train_city_count,test_city_count,train_row_count,test_row_count,test_positive_count,test_prevalence,pr_auc,recall_at_top_10pct,inner_cv_splits,best_inner_cv_average_precision
random_forest,0,24,6,120000,30000,2925,0.0975,0.18120066525901674,0.23931623931623933,4,0.1561522196266537
random_forest,1,24,6,120000,30000,2906,0.09686666666666667,0.1496493732446799,0.18616655196145904,4,0.16449372442398374
random_forest,2,24,6,120000,30000,3068,0.10226666666666667,0.13173391861417078,0.13885267275097785,4,0.18752403272766952
random_forest,3,24,6,120000,30000,3041,0.10136666666666666,0.15691340385159983,0.19565932259125288,4,0.1604440449070288
random_forest,4,24,6,120000,30000,3009,0.1003,0.14864140275012122,0.18444666001994017,4,0.16190359871476206
