model_name,scope_name,scope_value,bin_index,predicted_probability_mean,observed_positive_rate
logistic_saga,outer_fold,0,0,0.03525610990689791,0.028666666666666667
logistic_saga,outer_fold,0,1,0.05449184040892075,0.034666666666666665
logistic_saga,outer_fold,0,2,0.06465441243199258,0.06866666666666667
logistic_saga,outer_fold,0,3,0.07362647669629567,0.07466666666666667
logistic_saga,outer_fold,0,4,0.08304919650497841,0.074
logistic_saga,outer_fold,0,5,0.09361987883490679,0.089
logistic_saga,outer_fold,0,6,0.10599054948534316,0.09233333333333334
logistic_saga,outer_fold,0,7,0.11828472397422729,0.16133333333333333
logistic_saga,outer_fold,0,8,0.13560432608039164,0.14
logistic_saga,outer_fold,0,9,0.1849078860386916,0.21166666666666667
logistic_saga,overall,overall,0,0.035256109906897835,0.028666666666666667
logistic_saga,overall,overall,1,0.05449184040892078,0.034666666666666665
logistic_saga,overall,overall,2,0.0646544124319926,0.06866666666666667
logistic_saga,overall,overall,3,0.0736264766962957,0.07466666666666667
logistic_saga,overall,overall,4,0.08304919650497847,0.074
logistic_saga,overall,overall,5,0.09361987883490684,0.089
logistic_saga,overall,overall,6,0.10599054948534306,0.09233333333333334
logistic_saga,overall,overall,7,0.11828472397422712,0.16133333333333333
logistic_saga,overall,overall,8,0.13560432608039158,0.14
logistic_saga,overall,overall,9,0.18490788603869135,0.21166666666666667
