category,n_rows,share_pct
hotspot,81764,10.000158996706322
non_hotspot,735863,89.99984100329368
missing,0,0.0
