{
  "model_name": "hist_gradient_boosting",
  "outer_fold": 1,
  "train_city_count": 24,
  "test_city_count": 6,
  "train_row_count": 120000,
  "test_row_count": 30000,
  "test_positive_count": 3000,
  "test_prevalence": 0.1,
  "pr_auc": 0.16145148753589925,
  "recall_at_top_10pct": 0.21033333333333334,
  "inner_cv_splits": 3,
  "best_inner_cv_average_precision": 0.15076139910732828,
  "param_candidate_count": 4,
  "estimated_inner_fit_count": 12,
  "data_load_seconds": 0.06813229998806491,
  "preprocess_build_seconds": 8.179998258128762e-05,
  "preprocess_probe_fit_transform_seconds": 0.26947320002363995,
  "grid_search_seconds": 74.55624950001948,
  "fold_wall_clock_seconds": 75.0922988000093
}