{
  "model_name": "logistic_saga",
  "outer_fold": 2,
  "train_city_count": 24,
  "test_city_count": 6,
  "train_row_count": 120000,
  "test_row_count": 30000,
  "test_positive_count": 3000,
  "test_prevalence": 0.1,
  "pr_auc": 0.1505698172200151,
  "recall_at_top_10pct": 0.18933333333333333,
  "inner_cv_splits": 4,
  "best_inner_cv_average_precision": 0.15242183614397958,
  "param_candidate_count": 20,
  "estimated_inner_fit_count": 80,
  "data_load_seconds": 0.03559210000094026,
  "preprocess_build_seconds": 5.040003452450037e-05,
  "preprocess_probe_fit_transform_seconds": 0.2842279999749735,
  "grid_search_seconds": 372.63562580000143,
  "fold_wall_clock_seconds": 373.0852783000446
}