category,n_rows,share_pct
hotspot,189703,10.000179230741658
non_hotspot,1707293,89.99982076925835
missing,0,0.0
