category,n_rows,share_pct
hotspot,149618,10.000427774316965
non_hotspot,1346498,89.99957222568304
missing,0,0.0
