quadrant,n_cells,hotspot_n,hotspot_share_pct
north_east,406442,36403,8.956505479256572
north_west,341616,18526,5.423048100791532
south_east,341616,36423,10.66197133623718
south_west,406442,58266,14.335624763188845
