{
  "model_name": "random_forest",
  "outer_fold": 3,
  "train_city_count": 24,
  "test_city_count": 6,
  "train_row_count": 120000,
  "test_row_count": 30000,
  "test_positive_count": 3000,
  "test_prevalence": 0.1,
  "pr_auc": 0.16062660057555517,
  "recall_at_top_10pct": 0.21333333333333335,
  "inner_cv_splits": 3,
  "best_inner_cv_average_precision": 0.15094441764118907,
  "param_candidate_count": 4,
  "estimated_inner_fit_count": 12,
  "data_load_seconds": 0.04615589999593794,
  "preprocess_build_seconds": 0.00010579999070614576,
  "preprocess_probe_fit_transform_seconds": 0.42752339999424294,
  "grid_search_seconds": 553.3545996999601,
  "fold_wall_clock_seconds": 554.0065947000403
}