quadrant,n_cells,hotspot_n,hotspot_share_pct
north_east,495156,52961,10.695821114961749
north_west,344968,56390,16.34644372811391
south_east,344968,30621,8.876475499176735
south_west,495156,28053,5.665487240384849
