category,n_rows,share_pct
hotspot,168025,10.000011903004795
non_hotspot,1512223,89.99998809699521
missing,0,0.0
