category,n_rows,share_pct
hotspot,319949,10.000156277348536
non_hotspot,2879491,89.99984372265146
missing,0,0.0
