{
  "model_name": "logistic_saga",
  "outer_fold": 3,
  "train_city_count": 24,
  "test_city_count": 6,
  "train_row_count": 480000,
  "test_row_count": 120000,
  "test_positive_count": 12000,
  "test_prevalence": 0.1,
  "pr_auc": 0.12687152978356447,
  "recall_at_top_10pct": 0.14675,
  "inner_cv_splits": 4,
  "best_inner_cv_average_precision": 0.1541361284411329,
  "param_candidate_count": 20,
  "estimated_inner_fit_count": 80,
  "data_load_seconds": 0.07635009998921305,
  "preprocess_build_seconds": 4.25000034738332e-05,
  "preprocess_probe_fit_transform_seconds": 0.8204753999889363,
  "grid_search_seconds": 1750.3724078999949,
  "fold_wall_clock_seconds": 1751.3677068999968
}