category,n_rows,share_pct
hotspot,185943,10.000198989670285
non_hotspot,1673450,89.99980101032972
missing,0,0.0
