category,n_rows,share_pct
hotspot,370291,10.000164738016593
non_hotspot,3332558,89.9998352619834
missing,0,0.0
