category,n_rows,share_pct
hotspot,177991,10.000022473096895
non_hotspot,1601915,89.99997752690311
missing,0,0.0
