{
  "model_name": "random_forest",
  "outer_fold": 0,
  "train_city_count": 24,
  "test_city_count": 6,
  "train_row_count": 120000,
  "test_row_count": 30000,
  "test_positive_count": 3000,
  "test_prevalence": 0.1,
  "pr_auc": 0.17728798631179152,
  "recall_at_top_10pct": 0.22166666666666668,
  "inner_cv_splits": 3,
  "best_inner_cv_average_precision": 0.14786166470244447,
  "param_candidate_count": 8,
  "estimated_inner_fit_count": 24,
  "data_load_seconds": 0.06268380000256002,
  "preprocess_build_seconds": 0.00017750001279637218,
  "preprocess_probe_fit_transform_seconds": 0.43820770003367215,
  "grid_search_seconds": 1268.708309700014,
  "fold_wall_clock_seconds": 1269.3725537999999
}