category,n_rows,share_pct
hotspot,146628,10.000027279993672
non_hotspot,1319648,89.99997272000633
missing,0,0.0
