{
  "model_name": "logistic_saga",
  "outer_fold": 4,
  "train_city_count": 24,
  "test_city_count": 6,
  "train_row_count": 120000,
  "test_row_count": 30000,
  "test_positive_count": 3000,
  "test_prevalence": 0.1,
  "pr_auc": 0.1502841546515874,
  "recall_at_top_10pct": 0.176,
  "inner_cv_splits": 4,
  "best_inner_cv_average_precision": 0.1579906296436716,
  "param_candidate_count": 20,
  "estimated_inner_fit_count": 80,
  "data_load_seconds": 0.0279356999672018,
  "preprocess_build_seconds": 3.8700003642588854e-05,
  "preprocess_probe_fit_transform_seconds": 0.2781394000048749,
  "grid_search_seconds": 324.92096550000133,
  "fold_wall_clock_seconds": 325.33696919999784
}