{
  "model_name": "logistic_saga",
  "outer_fold": 0,
  "train_city_count": 24,
  "test_city_count": 6,
  "train_row_count": 480000,
  "test_row_count": 120000,
  "test_positive_count": 12000,
  "test_prevalence": 0.1,
  "pr_auc": 0.17178434073748203,
  "recall_at_top_10pct": 0.21666666666666667,
  "inner_cv_splits": 4,
  "best_inner_cv_average_precision": 0.15108311641345595,
  "param_candidate_count": 20,
  "estimated_inner_fit_count": 80,
  "data_load_seconds": 0.09107429999858141,
  "preprocess_build_seconds": 9.950000094249845e-05,
  "preprocess_probe_fit_transform_seconds": 0.9464315999939572,
  "grid_search_seconds": 1825.3256005000003,
  "fold_wall_clock_seconds": 1826.4658984999987
}