category,n_rows,share_pct
hotspot,363510,10.000088031365575
non_hotspot,3271558,89.99991196863442
missing,0,0.0
