climate_group,city_count,mean_pr_auc_logistic,mean_pr_auc_phase3a,phase3a_pr_auc_wins,logistic_pr_auc_wins,mean_pr_auc_delta,median_pr_auc_delta,mean_recall_at_top_10pct_logistic,mean_recall_at_top_10pct_phase3a,phase3a_recall_wins,logistic_recall_wins,mean_recall_delta,median_recall_delta
hot_arid,10,0.1338609264415107,0.13736383865535023,5,5,0.0035029122138395263,0.0003811449794174915,0.1246,0.1372,7,3,0.0126,0.008000000000000004
hot_humid,10,0.21432176706455067,0.21100092488327057,6,4,-0.003320842181280087,0.0007365869590453544,0.24539999999999998,0.2372,3,4,-0.008199999999999994,0.0
mild_cool,10,0.19285821636941297,0.19372553212088003,6,4,0.0008673157514670488,0.0028254667619008605,0.213,0.2152,8,2,0.0021999999999999962,0.0040000000000000036
