climate_group,city_count,hgb_pr_auc_wins,rf_pr_auc_wins,hgb_recall_wins,rf_recall_wins,mean_pr_auc_delta,median_pr_auc_delta,mean_recall_delta,median_recall_delta
hot_arid,10,7,3,5,5,-0.0026876837245353724,0.005665119824170395,-0.002199999999999995,0.0020000000000000018
hot_humid,10,6,4,5,3,0.0002115533963318303,0.0021064022780765135,0.0068000000000000005,0.0030000000000000027
mild_cool,10,4,6,4,6,-0.003605278442166901,-0.008711997510961092,-0.016400000000000005,-0.02400000000000001
