climate_group,city_count,mean_pr_auc_logistic,mean_pr_auc_logistic_climate_interactions,interaction_pr_auc_wins,logistic_pr_auc_wins,mean_pr_auc_delta,median_pr_auc_delta,mean_recall_at_top_10pct_logistic,mean_recall_at_top_10pct_logistic_climate_interactions,interaction_recall_wins,logistic_recall_wins,mean_recall_delta,median_recall_delta
hot_arid,10,0.1338609264415107,0.15454299283235173,6,4,0.020682066390841036,0.013352114501989705,0.1246,0.14540000000000003,5,5,0.020800000000000006,0.012
hot_humid,10,0.21432176706455067,0.21572825098934628,5,5,0.0014064839247956485,0.001596505854076502,0.24539999999999998,0.24900000000000003,5,5,0.003600000000000006,0.004000000000000017
mild_cool,10,0.19285821636941297,0.17406552286663263,1,9,-0.018792693502780383,-0.01898854465228355,0.213,0.18780000000000002,2,8,-0.0252,-0.028000000000000025
