model_name,scope_name,scope_value,bin_index,predicted_probability_mean,observed_positive_rate
random_forest,outer_fold,2,0,0.028052803562402404,0.04033333333333333
random_forest,outer_fold,2,1,0.04647965051406552,0.06233333333333333
random_forest,outer_fold,2,2,0.06129092816439441,0.07966666666666666
random_forest,outer_fold,2,3,0.07560563592246226,0.085
random_forest,outer_fold,2,4,0.09267610437990388,0.09366666666666666
random_forest,outer_fold,2,5,0.11344676569810508,0.12033333333333333
random_forest,outer_fold,2,6,0.13795091099414192,0.12066666666666667
random_forest,outer_fold,2,7,0.15737857496826443,0.12566666666666668
random_forest,outer_fold,2,8,0.18610673141480386,0.13333333333333333
random_forest,outer_fold,2,9,0.32282885847878323,0.139
