{
  "model_name": "random_forest",
  "outer_fold": 2,
  "train_city_count": 24,
  "test_city_count": 6,
  "train_row_count": 120000,
  "test_row_count": 30000,
  "test_positive_count": 3000,
  "test_prevalence": 0.1,
  "pr_auc": 0.12973607704662693,
  "recall_at_top_10pct": 0.139,
  "inner_cv_splits": 3,
  "best_inner_cv_average_precision": 0.16648596010563815,
  "param_candidate_count": 4,
  "estimated_inner_fit_count": 12,
  "data_load_seconds": 0.04456650000065565,
  "preprocess_build_seconds": 6.669998401775956e-05,
  "preprocess_probe_fit_transform_seconds": 0.4112481999909505,
  "grid_search_seconds": 601.8679497000412,
  "fold_wall_clock_seconds": 602.5018814000068
}