category,n_rows,share_pct
hotspot,166458,10.0002282910254
non_hotspot,1498084,89.99977170897459
missing,0,0.0
