{
  "model_name": "logistic_saga",
  "outer_fold": 1,
  "train_city_count": 24,
  "test_city_count": 6,
  "train_row_count": 120000,
  "test_row_count": 30000,
  "test_positive_count": 3000,
  "test_prevalence": 0.1,
  "pr_auc": 0.20390696853891352,
  "recall_at_top_10pct": 0.26566666666666666,
  "inner_cv_splits": 4,
  "best_inner_cv_average_precision": 0.15316419126872743,
  "param_candidate_count": 20,
  "estimated_inner_fit_count": 80,
  "data_load_seconds": 0.03068979998352006,
  "preprocess_build_seconds": 4.480005009099841e-05,
  "preprocess_probe_fit_transform_seconds": 0.3348593999980949,
  "grid_search_seconds": 385.30429520003963,
  "fold_wall_clock_seconds": 385.77852029999485
}