category,n_rows,share_pct
hotspot,171867,10.000005818456026
non_hotspot,1546802,89.99999418154397
missing,0,0.0
