category,n_rows,share_pct
hotspot,284712,10.00000702464738
non_hotspot,2562406,89.99999297535261
missing,0,0.0
