city_id,city_name,climate_group,model_name,repeat_count,sample_rows_per_city_cap,effective_city_row_count,within_city_pr_auc_mean,within_city_pr_auc_std,within_city_recall_at_top_10pct_mean,within_city_recall_at_top_10pct_std,within_city_best_inner_cv_average_precision_mean
10,Reno,hot_arid,city_prevalence_baseline,3,20000,20000,0.10000000000000002,0.0,0.105,0.013228756555322957,
10,Reno,hot_arid,logistic_saga,3,20000,20000,0.5037160433909228,0.022091033170756166,0.4908333333333333,0.0057735026918962675,0.5067404324443228
10,Reno,hot_arid,random_forest,3,20000,20000,0.7512779981087864,0.012874244791758653,0.695,0.011456439237389628,0.7461609793649296
19,Charlotte,hot_humid,city_prevalence_baseline,3,20000,20000,0.10000000000000002,0.0,0.105,0.013228756555322957,
19,Charlotte,hot_humid,logistic_saga,3,20000,20000,0.15415407422021202,0.007944157004041198,0.16,0.01984313483298443,0.15036381270130614
19,Charlotte,hot_humid,random_forest,3,20000,20000,0.19838510316781166,0.018709991466025862,0.23416666666666666,0.016645820296198485,0.19133681364664068
29,Detroit,mild_cool,city_prevalence_baseline,3,20000,20000,0.10000000000000002,0.0,0.105,0.013228756555322957,
29,Detroit,mild_cool,logistic_saga,3,20000,20000,0.1735377895207394,0.0077910792909894645,0.19999999999999998,0.020463381929681123,0.17495110192689367
29,Detroit,mild_cool,random_forest,3,20000,20000,0.28806220080263173,0.02726557502657771,0.3116666666666667,0.016266017746619277,0.2980157882595087
