category,n_rows,share_pct
hotspot,105626,10.003257834903534
non_hotspot,950290,89.99674216509646
missing,0,0.0
