{
  "model_name": "random_forest",
  "outer_fold": 3,
  "train_city_count": 24,
  "test_city_count": 6,
  "train_row_count": 120000,
  "test_row_count": 30000,
  "test_positive_count": 3000,
  "test_prevalence": 0.1,
  "pr_auc": 0.16062660057555517,
  "recall_at_top_10pct": 0.21333333333333335,
  "inner_cv_splits": 3,
  "best_inner_cv_average_precision": 0.15094441764118907,
  "param_candidate_count": 8,
  "estimated_inner_fit_count": 24,
  "data_load_seconds": 0.042941899970173836,
  "preprocess_build_seconds": 7.110001752153039e-05,
  "preprocess_probe_fit_transform_seconds": 0.34288150002248585,
  "grid_search_seconds": 1116.8600608000415,
  "fold_wall_clock_seconds": 1117.4110367000103
}