{
  "model_name": "logistic_saga",
  "outer_fold": 3,
  "train_city_count": 24,
  "test_city_count": 6,
  "train_row_count": 120000,
  "test_row_count": 30000,
  "test_positive_count": 3000,
  "test_prevalence": 0.1,
  "pr_auc": 0.12666006145833789,
  "recall_at_top_10pct": 0.14633333333333334,
  "inner_cv_splits": 4,
  "best_inner_cv_average_precision": 0.152204382246237,
  "param_candidate_count": 20,
  "estimated_inner_fit_count": 80,
  "data_load_seconds": 0.025659200007794425,
  "preprocess_build_seconds": 5.390000296756625e-05,
  "preprocess_probe_fit_transform_seconds": 0.24186560000816826,
  "grid_search_seconds": 399.55693189999147,
  "fold_wall_clock_seconds": 399.92582249999396
}