{
  "model_name": "random_forest",
  "outer_fold": 4,
  "train_city_count": 24,
  "test_city_count": 6,
  "train_row_count": 120000,
  "test_row_count": 30000,
  "test_positive_count": 3000,
  "test_prevalence": 0.1,
  "pr_auc": 0.14932991403664614,
  "recall_at_top_10pct": 0.202,
  "inner_cv_splits": 3,
  "best_inner_cv_average_precision": 0.15307851934369923,
  "param_candidate_count": 8,
  "estimated_inner_fit_count": 24,
  "data_load_seconds": 0.04125059995567426,
  "preprocess_build_seconds": 8.450000314041972e-05,
  "preprocess_probe_fit_transform_seconds": 0.36862800002563745,
  "grid_search_seconds": 1158.9605260000098,
  "fold_wall_clock_seconds": 1159.5218736999668
}