{
  "model_name": "logistic_saga",
  "outer_fold": 3,
  "train_city_count": 24,
  "test_city_count": 6,
  "train_row_count": 240000,
  "test_row_count": 60000,
  "test_positive_count": 6000,
  "test_prevalence": 0.1,
  "pr_auc": 0.12692599697145832,
  "recall_at_top_10pct": 0.14933333333333335,
  "inner_cv_splits": 4,
  "best_inner_cv_average_precision": 0.15297298234686485,
  "param_candidate_count": 20,
  "estimated_inner_fit_count": 80,
  "data_load_seconds": 0.03432650001195725,
  "preprocess_build_seconds": 4.569999873638153e-05,
  "preprocess_probe_fit_transform_seconds": 0.46586690000549424,
  "grid_search_seconds": 948.5801639999991,
  "fold_wall_clock_seconds": 949.2001248999877
}