category,n_rows,share_pct
hotspot,73853,10.000040621399082
non_hotspot,664674,89.99995937860092
missing,0,0.0
