{
  "model_name": "logistic_saga",
  "outer_fold": 4,
  "train_city_count": 24,
  "test_city_count": 6,
  "train_row_count": 480000,
  "test_row_count": 120000,
  "test_positive_count": 12000,
  "test_prevalence": 0.1,
  "pr_auc": 0.14705832846482889,
  "recall_at_top_10pct": 0.169,
  "inner_cv_splits": 4,
  "best_inner_cv_average_precision": 0.15670795966799156,
  "param_candidate_count": 20,
  "estimated_inner_fit_count": 80,
  "data_load_seconds": 0.06587319998652674,
  "preprocess_build_seconds": 5.5500015150755644e-05,
  "preprocess_probe_fit_transform_seconds": 0.999842900026124,
  "grid_search_seconds": 1653.3271487000166,
  "fold_wall_clock_seconds": 1654.5374456999998
}