quadrant,n_cells,hotspot_n,hotspot_share_pct
north_east,336950,51422,15.26101795518623
north_west,331427,42604,12.854716121498852
south_east,331427,19604,5.915028045391595
south_west,336951,20046,5.949232974527454
