category,n_rows,share_pct
hotspot,133676,10.000037404011955
non_hotspot,1203079,89.99996259598805
missing,0,0.0
