category,n_rows,share_pct
hotspot,672306,10.000144281621065
non_hotspot,6050657,89.99985571837894
missing,0,0.0
