{
  "model_name": "logistic_saga",
  "outer_fold": 2,
  "train_city_count": 24,
  "test_city_count": 6,
  "train_row_count": 480000,
  "test_row_count": 120000,
  "test_positive_count": 12001,
  "test_prevalence": 0.10000833333333334,
  "pr_auc": 0.15864365547815026,
  "recall_at_top_10pct": 0.1992333972168986,
  "inner_cv_splits": 4,
  "best_inner_cv_average_precision": 0.15289473739818182,
  "param_candidate_count": 20,
  "estimated_inner_fit_count": 80,
  "data_load_seconds": 0.06382359999406617,
  "preprocess_build_seconds": 4.1400009649805725e-05,
  "preprocess_probe_fit_transform_seconds": 0.6946099000051618,
  "grid_search_seconds": 2078.123526500014,
  "fold_wall_clock_seconds": 2078.980143099994
}