category,n_rows,share_pct
hotspot,148185,10.000026993358285
non_hotspot,1333661,89.99997300664172
missing,0,0.0
