{
  "model_name": "logistic_saga",
  "outer_fold": 4,
  "train_city_count": 24,
  "test_city_count": 6,
  "train_row_count": 120000,
  "test_row_count": 30000,
  "test_positive_count": 3000,
  "test_prevalence": 0.1,
  "pr_auc": 0.14713183360347998,
  "recall_at_top_10pct": 0.164,
  "inner_cv_splits": 4,
  "best_inner_cv_average_precision": 0.15795703523556565,
  "param_candidate_count": 20,
  "estimated_inner_fit_count": 80,
  "data_load_seconds": 0.021677700002328493,
  "preprocess_build_seconds": 3.5899996873922646e-05,
  "preprocess_probe_fit_transform_seconds": 0.21693899999081623,
  "grid_search_seconds": 359.5135378999985,
  "fold_wall_clock_seconds": 359.8503219999984
}