category,n_rows,share_pct
hotspot,708171,10.000015532995683
non_hotspot,6373528,89.99998446700431
missing,0,0.0
