{
  "model_name": "logistic_saga",
  "outer_fold": 0,
  "train_city_count": 24,
  "test_city_count": 6,
  "train_row_count": 240000,
  "test_row_count": 60000,
  "test_positive_count": 6000,
  "test_prevalence": 0.1,
  "pr_auc": 0.16574905529346645,
  "recall_at_top_10pct": 0.21666666666666667,
  "inner_cv_splits": 4,
  "best_inner_cv_average_precision": 0.1510019943527481,
  "param_candidate_count": 20,
  "estimated_inner_fit_count": 80,
  "data_load_seconds": 0.049443199997767806,
  "preprocess_build_seconds": 0.00013460000627674162,
  "preprocess_probe_fit_transform_seconds": 0.5031416999991052,
  "grid_search_seconds": 957.653656800001,
  "fold_wall_clock_seconds": 958.3050489000016
}