category,n_rows,share_pct
hotspot,45912,10.00034850491392
non_hotspot,413192,89.99965149508608
missing,0,0.0
