index,lst_median_may_aug,impervious_pct,ndvi_median_may_aug,dist_to_water_m,elevation_m,n_valid_ecostress_passes
lst_median_may_aug,1.0,0.4084528447438034,-0.32107244862482304,-0.01927925373766404,-0.5617887762375061,0.07810774289711282
impervious_pct,0.4084528447438034,1.0,-0.23114648697705684,0.020304044842253628,-0.3721960812098651,0.19179906767500157
ndvi_median_may_aug,-0.32107244862482304,-0.23114648697705684,1.0,0.376957671027623,0.05827113115553283,0.1503191333555898
dist_to_water_m,-0.01927925373766404,0.020304044842253628,0.376957671027623,1.0,-0.06970165457063165,0.1167641186465986
elevation_m,-0.5617887762375061,-0.3721960812098651,0.05827113115553283,-0.06970165457063165,1.0,-0.030374984962342293
n_valid_ecostress_passes,0.07810774289711282,0.19179906767500157,0.1503191333555898,0.1167641186465986,-0.030374984962342293,1.0
