category,n_rows,share_pct
hotspot,47583,10.000042031994754
non_hotspot,428245,89.99995796800525
missing,0,0.0
