index,lst_median_may_aug,impervious_pct,ndvi_median_may_aug,dist_to_water_m,elevation_m,n_valid_ecostress_passes
lst_median_may_aug,1.0,0.1869648169379547,-0.26749062887260866,0.053736557790258856,0.3692540430550645,0.3011005954413499
impervious_pct,0.1869648169379547,1.0,-0.7246845888993056,0.06005384741274442,-0.4633567695923494,-0.15858188014468907
ndvi_median_may_aug,-0.26749062887260866,-0.7246845888993056,1.0,-0.08042143598589861,0.43919434802077334,0.09453260159756492
dist_to_water_m,0.053736557790258856,0.06005384741274442,-0.08042143598589861,1.0,-0.03271773741941931,0.2350086461208926
elevation_m,0.3692540430550645,-0.4633567695923494,0.43919434802077334,-0.03271773741941931,1.0,0.4938905183335816
n_valid_ecostress_passes,0.3011005954413499,-0.15858188014468907,0.09453260159756492,0.2350086461208926,0.4938905183335816,1.0
