category,n_rows,share_pct
hotspot,473607,10.000014780208794
non_hotspot,4262456,89.9999852197912
missing,0,0.0
